{
  "exportTimestamp": "2025-09-20T09-11-31",
  "bodyType": "female",
  "standardAnimations": {
    "exported": [
      "spellcast",
      "thrust",
      "walk",
      "slash",
      "shoot",
      "hurt",
      "climb",
      "idle",
      "jump",
      "sit",
      "emote",
      "run",
      "combat_idle",
      "backslash",
      "halfslash"
    ],
    "failed": []
  },
  "customAnimations": {
    "exported": [
      "slash_128"
    ],
    "failed": []
  },
  "frameSize": 64,
  "frameCounts": {
    "spellcast": 7,
    "thrust": 8,
    "walk": 9,
    "slash": 6,
    "shoot": 13,
    "hurt": 6,
    "climb": 6,
    "idle": 2,
    "jump": 5,
    "sit": 3,
    "emote": 3,
    "run": 8,
    "combat_idle": 2,
    "backslash": 13,
    "halfslash": 7
  }
}