{
  "bodyTypeName": "female",
  "url": "https://liberatedpixelcup.github.io/Universal-LPC-Spritesheet-Character-Generator/#?body=Body_color_light&head=Human_male_light&sex=female&weapon=Thrust_watering&legs=Plain_skirt_blue&overalls=Overalls_blue&dress=none_Slit_dress&clothes=Robe_blue&apron=Apron_full_blue&cape=Tattered_blue&shoes=none_Slippers&tail=none_Wolf_Tail&hair=Ponytail_blonde&ponytail=none_Short_Topknot",
  "spritesheets": "https://liberatedpixelcup.github.io/Universal-LPC-Spritesheet-Character-Generator/spritesheets/",
  "version": 1,
  "datetime": "9/20/2025, 2:44:11 PM",
  "credits": [
    {
      "fileName": "body/bodies/female/light.png",
      "licenses": "OGA-BY 3.0,CC-BY-SA 3.0,GPL 3.0",
      "authors": "Benjamin K. Smith (BenCreating),bluecarrot16,TheraHedwig,Evert,MuffinElZangano,Durrani,Pierre Vigier (pvigier),ElizaWy,Matthew Krohn (makrohn),Johannes Sjölund (wulax),Stephen Challener (Redshrike)",
      "urls": "https://opengameart.org/content/liberated-pixel-cup-lpc-base-assets-sprites-map-tiles,https://opengameart.org/content/lpc-medieval-fantasy-character-sprites,https://opengameart.org/content/lpc-ladies,https://opengameart.org/content/lpc-7-womens-shirts,https://opengameart.org/content/lpc-jump-expanded,https://opengameart.org/content/lpc-be-seated,https://opengameart.org/content/lpc-revised-character-basics,https://gitlab.com/vagabondgame/lpc-characters,https://opengameart.org/content/lpc-male-jumping-animation-by-durrani,https://opengameart.org/content/lpc-runcycle-and-diagonal-walkcycle",
      "notes": "see details at https://opengameart.org/content/lpc-character-bases"
    },
    {
      "fileName": "head/heads/human/male/light.png",
      "licenses": "OGA-BY 3.0,CC-BY-SA 3.0,GPL 3.0",
      "authors": "bluecarrot16,Benjamin K. Smith (BenCreating),Stephen Challener (Redshrike)",
      "urls": "https://opengameart.org/content/liberated-pixel-cup-lpc-base-assets-sprites-map-tiles,https://opengameart.org/content/lpc-character-bases",
      "notes": "original head by Redshrike, tweaks by BenCreating, modular version by bluecarrot16"
    },
    {
      "fileName": "hair/ponytail/adult/fg/blonde.png",
      "licenses": "CC-BY-SA 3.0,GPL 3.0",
      "authors": "JaidynReiman,Manuel Riecke (MrBeast)",
      "urls": "https://opengameart.org/content/liberated-pixel-cup-lpc-base-assets-sprites-map-tiles,https://opengameart.org/content/lpc-expanded-hair",
      "notes": ""
    },
    {
      "fileName": "hair/ponytail/adult/bg/blonde.png",
      "licenses": "CC-BY-SA 3.0,GPL 3.0",
      "authors": "JaidynReiman,Manuel Riecke (MrBeast)",
      "urls": "https://opengameart.org/content/liberated-pixel-cup-lpc-base-assets-sprites-map-tiles,https://opengameart.org/content/lpc-expanded-hair",
      "notes": ""
    },
    {
      "fileName": "torso/clothes/robe/female/blue.png",
      "licenses": "CC-BY-SA 3.0,GPL 3.0",
      "authors": "Luke Mehl",
      "urls": "https://opengameart.org/content/female-mage-clothing-set",
      "notes": ""
    },
    {
      "fileName": "torso/aprons/overalls/female/blue.png",
      "licenses": "OGA-BY 3.0,GPL 3.0",
      "authors": "ElizaWy,bluecarrot16,JaidynReiman",
      "urls": "https://opengameart.org/content/lpc-revised-character-basics,http://opengameart.org/content/lpc-clothing-updates",
      "notes": "original overalls by ElizaWy, extended to all animation frames, adapted from teen to male base, and edited for v3 bases by bluecarrot16; extended to combat animations by JaidynReiman"
    },
    {
      "fileName": "torso/aprons/apron_full/female/blue.png",
      "licenses": "OGA-BY 3.0,GPL 3.0",
      "authors": "ElizaWy,bluecarrot16",
      "urls": "http://opengameart.org/content/lpc-clothing-updates",
      "notes": "original apron by ElizaWy, extended to all animation frames and edited for v3 bases by bluecarrot16"
    },
    {
      "fileName": "cape/tattered/female/blue.png",
      "licenses": "OGA-BY 3.0,CC-BY-SA 3.0,GPL 3.0",
      "authors": "Nila122,JaidynReiman",
      "urls": "https://opengameart.org/content/lpc-curly-hair-elven-ears-white-cape-with-blue-trim-and-more,https://opengameart.org/content/lpc-roman-armor",
      "notes": ""
    },
    {
      "fileName": "cape/tattered_behind/blue.png",
      "licenses": "OGA-BY 3.0,CC-BY-SA 3.0,GPL 3.0",
      "authors": "Nila122,JaidynReiman",
      "urls": "https://opengameart.org/content/lpc-curly-hair-elven-ears-white-cape-with-blue-trim-and-more,https://opengameart.org/content/lpc-roman-armor",
      "notes": ""
    },
    {
      "fileName": "legs/skirts/plain/female/blue.png",
      "licenses": "OGA-BY 3.0,CC-BY-SA 3.0,GPL 3.0",
      "authors": "bluecarrot16,Pierre Vigier (pvigier),Johannes Sjölund (wulax)",
      "urls": "https://opengameart.org/content/lpc-medieval-fantasy-character-sprites",
      "notes": "original by wulax, edited for female base by pvigier, edited for v3 base by bluecarrot16"
    },
    {
      "fileName": "tools/thrust/background/watering.png",
      "licenses": "CC-BY-SA 3.0",
      "authors": "bluecarrot16,Pierre Vigier (pvigier),Tuomo Untinen (reemax),Johannes Sjölund (wulax),and Inboxninja",
      "urls": "https://opengameart.org/content/lpc-hand-tools",
      "notes": ""
    },
    {
      "fileName": "tools/thrust/foreground/watering.png",
      "licenses": "CC-BY-SA 3.0",
      "authors": "bluecarrot16,Pierre Vigier (pvigier),Tuomo Untinen (reemax),Johannes Sjölund (wulax),and Inboxninja",
      "urls": "https://opengameart.org/content/lpc-hand-tools",
      "notes": ""
    }
  ],
  "layers": [
    {
      "fileName": "cape/tattered_behind/blue.png",
      "zPos": 5,
      "parentName": "cape",
      "name": "Tattered",
      "variant": "blue",
      "supportedAnimations": "spellcast,thrust,walk,slash,shoot,hurt,watering"
    },
    {
      "fileName": "hair/ponytail/adult/bg/blonde.png",
      "zPos": 9,
      "parentName": "hair",
      "name": "Ponytail",
      "variant": "blonde",
      "supportedAnimations": "spellcast,thrust,walk,slash,shoot,hurt,watering,idle,jump,run,sit,emote,climb,combat,1h_slash,1h_backslash,1h_halfslash"
    },
    {
      "fileName": "tools/thrust/background/watering.png",
      "zPos": 9,
      "parentName": "weapon",
      "name": "Thrust",
      "variant": "watering",
      "supportedAnimations": "spellcast,thrust,walk,slash,shoot,hurt,watering"
    },
    {
      "fileName": "body/bodies/female/light.png",
      "zPos": 10,
      "parentName": "body",
      "name": "Body_color",
      "variant": "light",
      "supportedAnimations": "spellcast,thrust,walk,slash,shoot,hurt,watering,idle,jump,run,sit,emote,climb,combat,1h_slash,1h_backslash,1h_halfslash"
    },
    {
      "fileName": "legs/skirts/plain/female/blue.png",
      "zPos": 20,
      "parentName": "legs",
      "name": "Plain_skirt",
      "variant": "blue",
      "supportedAnimations": "spellcast,thrust,walk,slash,shoot,hurt,watering"
    },
    {
      "fileName": "torso/clothes/robe/female/blue.png",
      "zPos": 35,
      "parentName": "clothes",
      "name": "Robe",
      "variant": "blue",
      "supportedAnimations": "spellcast,thrust,walk,slash,shoot,hurt,watering"
    },
    {
      "fileName": "torso/aprons/overalls/female/blue.png",
      "zPos": 38,
      "parentName": "overalls",
      "name": "Overalls",
      "variant": "blue",
      "supportedAnimations": "spellcast,thrust,walk,slash,shoot,hurt,watering,idle,jump,run,sit,emote,climb,combat,1h_slash,1h_backslash,1h_halfslash"
    },
    {
      "fileName": "torso/aprons/apron_full/female/blue.png",
      "zPos": 40,
      "parentName": "apron",
      "name": "Apron_full",
      "variant": "blue",
      "supportedAnimations": "spellcast,thrust,walk,slash,shoot,hurt,watering"
    },
    {
      "fileName": "cape/tattered/female/blue.png",
      "zPos": 85,
      "parentName": "cape",
      "name": "Tattered",
      "variant": "blue",
      "supportedAnimations": "spellcast,thrust,walk,slash,shoot,hurt,watering"
    },
    {
      "fileName": "head/heads/human/male/light.png",
      "zPos": 100,
      "parentName": "head",
      "name": "Human_male",
      "variant": "light",
      "supportedAnimations": "spellcast,thrust,walk,slash,shoot,hurt,watering,idle,jump,run,sit,emote,climb,combat,1h_slash,1h_backslash,1h_halfslash"
    },
    {
      "fileName": "hair/ponytail/adult/fg/blonde.png",
      "zPos": 120,
      "parentName": "hair",
      "name": "Ponytail",
      "variant": "blonde",
      "supportedAnimations": "spellcast,thrust,walk,slash,shoot,hurt,watering,idle,jump,run,sit,emote,climb,combat,1h_slash,1h_backslash,1h_halfslash"
    },
    {
      "fileName": "tools/thrust/foreground/watering.png",
      "zPos": 150,
      "parentName": "weapon",
      "name": "Thrust",
      "variant": "watering",
      "supportedAnimations": "spellcast,thrust,walk,slash,shoot,hurt,watering"
    }
  ]
}