filename,notes,authors,licenses,urls
body/bodies/female/light.png,"see details at https://opengameart.org/content/lpc-character-bases","Benjamin K. Smith (BenCreating),bluecarrot16,TheraHedwig,Evert,MuffinElZangano,Durrani,Pierre Vigier (pvigier),ElizaWy,Matthew Krohn (makrohn),Johannes Sjölund (wulax),Stephen Challener (Redshrike)","OGA-BY 3.0,CC-BY-SA 3.0,GPL 3.0","https://opengameart.org/content/liberated-pixel-cup-lpc-base-assets-sprites-map-tiles,https://opengameart.org/content/lpc-medieval-fantasy-character-sprites,https://opengameart.org/content/lpc-ladies,https://opengameart.org/content/lpc-7-womens-shirts,https://opengameart.org/content/lpc-jump-expanded,https://opengameart.org/content/lpc-be-seated,https://opengameart.org/content/lpc-revised-character-basics,https://gitlab.com/vagabondgame/lpc-characters,https://opengameart.org/content/lpc-male-jumping-animation-by-durrani,https://opengameart.org/content/lpc-runcycle-and-diagonal-walkcycle"
head/heads/human/male/light.png,"original head by Redshrike, tweaks by BenCreating, modular version by bluecarrot16","bluecarrot16,Benjamin K. Smith (BenCreating),Stephen Challener (Redshrike)","OGA-BY 3.0,CC-BY-SA 3.0,GPL 3.0","https://opengameart.org/content/liberated-pixel-cup-lpc-base-assets-sprites-map-tiles,https://opengameart.org/content/lpc-character-bases"
hair/ponytail/adult/fg/blonde.png,"","JaidynReiman,Manuel Riecke (MrBeast)","CC-BY-SA 3.0,GPL 3.0","https://opengameart.org/content/liberated-pixel-cup-lpc-base-assets-sprites-map-tiles,https://opengameart.org/content/lpc-expanded-hair"
hair/ponytail/adult/bg/blonde.png,"","JaidynReiman,Manuel Riecke (MrBeast)","CC-BY-SA 3.0,GPL 3.0","https://opengameart.org/content/liberated-pixel-cup-lpc-base-assets-sprites-map-tiles,https://opengameart.org/content/lpc-expanded-hair"
torso/clothes/robe/female/blue.png,"","Luke Mehl","CC-BY-SA 3.0,GPL 3.0","https://opengameart.org/content/female-mage-clothing-set"
torso/aprons/overalls/female/blue.png,"original overalls by ElizaWy, extended to all animation frames, adapted from teen to male base, and edited for v3 bases by bluecarrot16; extended to combat animations by JaidynReiman","ElizaWy,bluecarrot16,JaidynReiman","OGA-BY 3.0,GPL 3.0","https://opengameart.org/content/lpc-revised-character-basics,http://opengameart.org/content/lpc-clothing-updates"
torso/aprons/apron_full/female/blue.png,"original apron by ElizaWy, extended to all animation frames and edited for v3 bases by bluecarrot16","ElizaWy,bluecarrot16","OGA-BY 3.0,GPL 3.0","http://opengameart.org/content/lpc-clothing-updates"
cape/tattered/female/blue.png,"","Nila122,JaidynReiman","OGA-BY 3.0,CC-BY-SA 3.0,GPL 3.0","https://opengameart.org/content/lpc-curly-hair-elven-ears-white-cape-with-blue-trim-and-more,https://opengameart.org/content/lpc-roman-armor"
cape/tattered_behind/blue.png,"","Nila122,JaidynReiman","OGA-BY 3.0,CC-BY-SA 3.0,GPL 3.0","https://opengameart.org/content/lpc-curly-hair-elven-ears-white-cape-with-blue-trim-and-more,https://opengameart.org/content/lpc-roman-armor"
legs/skirts/plain/female/blue.png,"original by wulax, edited for female base by pvigier, edited for v3 base by bluecarrot16","bluecarrot16,Pierre Vigier (pvigier),Johannes Sjölund (wulax)","OGA-BY 3.0,CC-BY-SA 3.0,GPL 3.0","https://opengameart.org/content/lpc-medieval-fantasy-character-sprites"
tools/smash/universal/female/axe.png,"","bluecarrot16,Pierre Vigier (pvigier),Tuomo Untinen (reemax),Johannes Sjölund (wulax),and Inboxninja","CC-BY-SA 3.0","https://opengameart.org/content/lpc-hand-tools"
tools/smash/background/axe.png,"","bluecarrot16,Pierre Vigier (pvigier),Tuomo Untinen (reemax),Johannes Sjölund (wulax),and Inboxninja","CC-BY-SA 3.0","https://opengameart.org/content/lpc-hand-tools"
tools/smash/foreground/axe.png,"","bluecarrot16,Pierre Vigier (pvigier),Tuomo Untinen (reemax),Johannes Sjölund (wulax),and Inboxninja","CC-BY-SA 3.0","https://opengameart.org/content/lpc-hand-tools"
